store,raw_product_type,product_count,canonical_category
istorm,Θήκες,523,
istorm,Λουράκια Apple,257,
istorm,iPad,166,tablets
istorm,Mac,146,laptops
istorm,Apple Watch,98,smartwatches
istorm,Smart Home,88,smart_home
istorm,Ηχεία,72,speakers
istorm,iPhone,71,smartphones
istorm,Προστασία οθόνης,69,
istorm,Ακουστικά,64,headphones
istorm,Λουράκια,45,
istorm,Φορτιστές,38,
istorm,Πληκτρολόγια,35,
istorm,Αντάπτορες USB-C,32,
istorm,Ασύρματοι φορτιστές,30,
istorm,Accessories,29,
istorm,Προστασία κάμερας,27,
istorm,Power Bank,26,
istorm,Καλύμματα προστασίας,22,
istorm,Καλώδια USB-C,19,
istorm,Καλώδια Lightning,16,
istorm,Τσάντες,12,
istorm,AppleCare,11,
istorm,Οθόνες,11,monitors
istorm,AirPods,11,headphones
istorm,Εξωτερικός χώρος αποθήκευσης,11,
istorm,Action cameras,11,cameras
istorm,Ποντίκια,10,
istorm,Crossbody Strap,10,
istorm,Βάσεις στήριξης,8,
istorm,Accessories αυτοκινήτου,7,
istorm,Wallets,6,
istorm,SecondWarranty,6,
istorm,Health & Fitness,5,
istorm,Smart Accessories,5,
istorm,Καλύμματα πληκτρολογίου,5,
istorm,Docks,4,
istorm,Apple Watch Series 9,4,smartwatches
istorm,Desk mat,4,
istorm,Migration_iPod / iPhone accessories,4,
istorm,Drones,3,
istorm,Επιπλέον accessories,3,
istorm,Pencil,3,
istorm,Καλώδια 2 σε 1,2,
istorm,Pencil accessories,2,
istorm,Κιτ καθαρισμού,2,
istorm,Καλώδια HDMI,2,
istorm,AirTag,2,
istorm,Αντάπτορες Lightning,2,
istorm,Apple TV,2,
istorm,Καλώδια,1,
istorm,(empty),1,
istorm,TV Remote,1,
istorm,Λουράκια 44/45mm,1,
istorm,Accessories για θήκες,1,
istorm,Δίκτυα Wi-Fi,1,
istorm,Δέκτες AirPlay,1,
kotsovolos,Τηλεοράσεις,103,tvs
kotsovolos,Πλυντήρια Ρούχων,101,washing_machines
kotsovolos,Smartphones & iPhone,100,smartphones
kotsovolos,Θήκες Κινητών,100,
kotsovolos,Προστασία Οθόνης Κινητών,100,
kotsovolos,Smartwatches,100,smartwatches
kotsovolos,Αξεσουάρ Wearables,100,
kotsovolos,Ακουστικά Κεφαλής,100,headphones
kotsovolos,Ακουστικά Earbuds,100,headphones
kotsovolos,Φορητά Ηχεία Bluetooth,100,speakers
kotsovolos,Ψυγειοκαταψύκτες,100,refrigerators
kotsovolos,Φούρνοι,100,ovens
kotsovolos,Εστίες,100,ovens
kotsovolos,Set Εντοιχισμού,100,ovens
kotsovolos,Αξεσουάρ Εντοιχιζόμενων,100,
kotsovolos,Απορροφητήρες,100,
kotsovolos,Αξεσουάρ Απορροφητήρων,100,
kotsovolos,Κλιματιστικά Inverter,100,air_conditioners
kotsovolos,Ανεμιστήρες Δαπέδου,100,
kotsovolos,Laptop - MacBook,100,laptops
kotsovolos,Tablets - iPad,100,tablets
kotsovolos,Θήκες Tablets,100,
kotsovolos,Μελάνια Inkjet,100,
kotsovolos,Νεροχύτες Κουζίνας,100,
kotsovolos,Εντοιχιζόμενα Πλυντήρια Πιάτων,99,dishwashers
kotsovolos,Καλώδια,96,
kotsovolos,Games PS5,95,
kotsovolos,Φίλτρα Νερού,94,
kotsovolos,Φορτιστές,91,
kotsovolos,Σακούλες - Aξεσουάρ,87,
kotsovolos,All in One - PCs – Mac,85,desktops
kotsovolos,Έξυπνες Λάμπες,83,smart_home
kotsovolos,Καλώδια - Hubs,82,
kotsovolos,Ποντίκια,81,
kotsovolos,Ανεμιστήρες Οροφής,79,
kotsovolos,Laser Toner,79,
kotsovolos,Τσάντες Laptop,76,
kotsovolos,Πλυντήρια Πιάτων,74,dishwashers
kotsovolos,Κουζίνες,73,ovens
kotsovolos,"Projectors, Προβολείς",69,
kotsovolos,Ψυγεία,69,refrigerators
kotsovolos,Φούρνοι Μικροκυμάτων,67,ovens
kotsovolos,Σκούπες Stick,65,vacuums
kotsovolos,Αξεσουάρ,64,
kotsovolos,Soundbars,64,speakers
kotsovolos,Μπαταρίες Κουζίνας,62,
kotsovolos,Σεσουάρ,61,
kotsovolos,Ντουλάπες,60,
kotsovolos,Αξεσουάρ Ψυγείων,60,
kotsovolos,Στεγνωτήρια,60,dryers
kotsovolos,Drones,60,
kotsovolos,Αλκαλικές Μπαταρίες,60,
kotsovolos,Ανεμιστήρες Χειρός,59,
kotsovolos,Πληκτρολόγια,59,
kotsovolos,Μπλέντερ - Πολυκόφτες Multi,59,
kotsovolos,Ασύρματα Τηλέφωνα,55,
kotsovolos,Πλυντήρια-Στεγνωτήρια,55,washing_machines
kotsovolos,Εντοιχιζόμενοι Ψυγειοκαταψύκτες,54,refrigerators
kotsovolos,Ηχεία - Speakers,54,speakers
kotsovolos,Σκούπες Ρομπότ,52,vacuums
kotsovolos,Λευκές Συσκευές,52,
kotsovolos,Ακουστικά Ψείρες,51,headphones
kotsovolos,Αξεσουάρ Κινητών,50,
kotsovolos,Air Fryers – Πολυμάγειρες,50,air_fryers
kotsovolos,"Φακοί, Φίλτρα & Φλας",49,
kotsovolos,Smartphones - Tablets,49,
kotsovolos,IP Κάμερα,48,smart_home
kotsovolos,Βάσεις TV,47,
kotsovolos,Wifi Adapters & Extenders,47,
kotsovolos,Βραστήρες,47,
kotsovolos,Power Bank,46,
kotsovolos,Games PS4,45,
kotsovolos,Αξεσουάρ Φωτογραφικών,45,
kotsovolos,Action cameras,45,cameras
kotsovolos,USB Stick,44,
kotsovolos,Εντοιχιζόμενα Ψυγεία,43,refrigerators
kotsovolos,Τηγάνια - Wok,43,
kotsovolos,"Θερμοπομποί,Convector",42,
kotsovolos,Έξυπνοι Αισθητήρες & Πρίζες,42,smart_home
kotsovolos,Αξεσουάρ Καφέ & Ροφημάτων,42,
kotsovolos,Ηλεκτρικά Πατίνια,42,
kotsovolos,Αξεσουάρ Πλυντηρίων - Στεγνωτηρίων,41,
kotsovolos,Αφυγραντήρες,41,
kotsovolos,Gaming Headsets,41,headphones
kotsovolos,Αξεσουάρ Ψησταριών,41,
kotsovolos,Καταψύκτες,40,refrigerators
kotsovolos,Περιφερειακά PS5,39,
kotsovolos,Οικιακός Εξοπλισμός,39,
kotsovolos,Συντηρητές Κρασιών,38,refrigerators
kotsovolos,Καρέκλες,38,
kotsovolos,Computing,38,
kotsovolos,Ηλεκτρικές Σκούπες,35,vacuums
kotsovolos,Φρυγανιέρες,35,
kotsovolos,Ισιωτικά Μαλλιών,35,
kotsovolos,Compact,35,cameras
kotsovolos,Ηλεκτρικά Καλοριφέρ,34,
kotsovolos,Πολυμηχανήματα,34,
kotsovolos,Games Nintendo Switch,34,
kotsovolos,Κάρτες Μνήμης  MicroSD,33,
kotsovolos,Επιτραπέζιοι Ανεμιστήρες,33,
kotsovolos,Συστήματα Σιδερώματος,33,
kotsovolos,Ψύκτες Νερού,32,
kotsovolos,Σίδερα,32,
kotsovolos,Games Nintendo Switch 2,32,
kotsovolos,Ηχεία Hi Power,30,speakers
kotsovolos,Κουζινομηχανές - Πολυμίξερ,30,
kotsovolos,Gaming Mice,30,
kotsovolos,Activity Trackers,29,smartwatches
kotsovolos,Καφετιέρες Φίλτρου,29,coffee_machines
kotsovolos,Τοστιέρες,29,
kotsovolos,Trimmers,29,
kotsovolos,Instant,29,cameras
kotsovolos,Ημιμόνιμη Αποτρίχωση,27,
kotsovolos,Μονόπριζα & Πολύπριζα,26,
kotsovolos,Αυτόματες Μηχανές Espresso,26,coffee_machines
kotsovolos,Εικόνα & Ήχος,26,
kotsovolos,Αξεσουάρ Περιφερειακών,25,
kotsovolos,Κουρευτικές Μηχανές,25,
kotsovolos,Ξυριστικές Μηχανές Προσώπου,25,
kotsovolos,Οδοντόβουρτσες,25,
kotsovolos,Ανεμιστήρες Tower,24,
kotsovolos,"Modems, Routers",24,
kotsovolos,Gaming Keyboards,24,
kotsovolos,Μονόπορτα ψυγεία - Mini Bars,23,refrigerators
kotsovolos,Φροντίδα Πλυντηρίων - Στεγνωτηρίων,23,
kotsovolos,Σκουπάκια,23,vacuums
kotsovolos,Mirrorless,23,cameras
kotsovolos,Αερόθερμα,22,
kotsovolos,Σόμπες Υγραερίου,22,
kotsovolos,Ηλεκτρικές Κουβέρτες,22,
kotsovolos,Φορτιστές Laptop,22,
kotsovolos,Εντοιχιζόμενοι Καταψύκτες,21,refrigerators
kotsovolos,Ειδικές Συσκευές,21,
kotsovolos,Βούρτσες & Ψαλίδια,20,
kotsovolos,Είδη Ατομικής Προστασίας,20,
kotsovolos,Κινητά Τηλέφωνα,19,smartphones
kotsovolos,Ηχεία,19,speakers
kotsovolos,Μηχανές Espresso - Με Κάψουλα,19,coffee_machines
kotsovolos,Σετ Περιποίησης,19,
kotsovolos,Σταθερά Τηλέφωνα,18,
kotsovolos,Φροντίδα Πλυντηρίων Πιάτων,18,
kotsovolos,Σόμπες Αλογόνου,18,
kotsovolos,Ακουστικά - Headsets,18,headphones
kotsovolos,Ραβδομπλέντερ,18,
kotsovolos,Air Cooler,17,
kotsovolos,Καθαριστές Αέρα,17,
kotsovolos,Ατμοκαθαριστές,17,
kotsovolos,Ξυριστικές Μηχανές Σώματος,17,
kotsovolos,Broadband,17,
kotsovolos,Πικάπ,16,
kotsovolos,Αξεσουάρ Κουζινών,16,
kotsovolos,Αξεσουάρ Laptop,16,
kotsovolos,Χειροκίνητες Μηχανές Espresso,16,coffee_machines
kotsovolos,Αξεσουάρ Νεροχυτών,16,
kotsovolos,Περιφερειακά Nintendo Switch,16,
kotsovolos,Κλιματισμός & Θέρμανση,16,
kotsovolos,Κεραίες,15,
kotsovolos,Ράδιο-Ρολόγια,15,
kotsovolos,Συσκευές Φραπέ,15,coffee_machines
kotsovolos,"Ψηστιέρες, Γκριλιέρες",15,
kotsovolos,Ζυγαριές Μπάνιου,15,
kotsovolos,Καθαριότητα στην Κουζίνα,14,
kotsovolos,Μίξερ Χειρός,14,
kotsovolos,Περιφερειακά PC,14,
kotsovolos,Όλες οι λάμπες και οι λαμπτήρες,14,
kotsovolos,Τηλεχειριστήρια,13,
kotsovolos,Σκούπες Stick Wet & Dry,13,vacuums
kotsovolos,Ηλεκτρικά Ποδήλατα,13,
kotsovolos,Multistylers,13,
kotsovolos,Ανταλλακτικά,13,
kotsovolos,Επαναφορτιζόμενες Μπαταρίες,13,
kotsovolos,Ράδιο CD - MP3,12,
kotsovolos,Υγραντήρες,12,
kotsovolos,Αποχυμωτές,12,
kotsovolos,Αξεσουάρ για Σίδερα,12,
kotsovolos,Κατσαρόλες,12,
kotsovolos,Χειριστήρια PS5,12,
kotsovolos,Περιφερειακά Xbox Series,12,
kotsovolos,Bluetooth Neckband,11,headphones
kotsovolos,Ραδιόφωνα,11,
kotsovolos,Φορητά Ραδιο-CD,11,
kotsovolos,Όλοι οι μετεωρολογικοί σταθμοί,11,
kotsovolos,Εξωτερικοί HDD,11,
kotsovolos,Εξωτερικοί SSD,11,
kotsovolos,Στίφτες,11,
kotsovolos,Περιφερειακά PS4,11,
kotsovolos,Περιφερειακά Nintendo Switch 2,11,
kotsovolos,"Switch, Access Points",10,
kotsovolos,Μηχανές Ροφημάτων,10,coffee_machines
kotsovolos,Χύτρες Ταχύτητος,10,
kotsovolos,Φορτιστές Μπαταριών,10,
kotsovolos,Καφετιέρες,9,coffee_machines
kotsovolos,Φροντίδα Ψυγείων,9,
kotsovolos,Web Cams,9,
kotsovolos,Home - Office Software,9,
kotsovolos,Συσκευές για αφρόγαλα και Μύλοι άλεσης καφέ,9,
kotsovolos,Σιδερώστρες,9,
kotsovolos,Ζυγαριές,9,
kotsovolos,Αξεσουάρ Μαγειρικής,9,
kotsovolos,Αξεσουάρ Air Fryers,9,
kotsovolos,Γάστρες - Ταψιά,9,
kotsovolos,Gaming Gadgets,9,
kotsovolos,Ψησταριές Υγραερίου,9,
kotsovolos,Hi Fi,8,speakers
kotsovolos,Αξεσουάρ Car Audio,8,
kotsovolos,Θερμοηλεκτρικά Ψυγεία,8,refrigerators
kotsovolos,Κλιμαστικά Multi,8,air_conditioners
kotsovolos,Επαγγελματικοί Ανεμιστήρες,8,
kotsovolos,Αξεσουάρ Tablet,8,
kotsovolos,Φωτογραφικοί Εκτυπωτές,8,
kotsovolos,Χαρτί Εκτύπωσης,8,
kotsovolos,Digital Signage,8,
kotsovolos,Αξεσουάρ Περιποίησης,8,
kotsovolos,Μικροεφαρμογές,8,
kotsovolos,Κλιματιστικά,8,air_conditioners
kotsovolos,Laptops - Desktops,8,
kotsovolos,Ηλεκτρολογικό Υλικό,7,
kotsovolos,Φορητά Κλιματιστικά,7,air_conditioners
kotsovolos,Όλες οι οθόνες,7,monitors
kotsovolos,Προστασία ρεύματος - UPS,7,
kotsovolos,Συστήματα Κάθετου Ατμού,7,
kotsovolos,Συσκευές για Party,7,
kotsovolos,Games Xbox Series X,7,
kotsovolos,Θερμόμετρα,7,
kotsovolos,Θήκες Φωτογραφικής,7,
kotsovolos,Αποκωδικοποιητές,6,
kotsovolos,Δημοσιογραφικά,6,
kotsovolos,Εντοιχιζόμενα Πλυντήρια Ρούχων,6,washing_machines
kotsovolos,Εσωτερικοί SSD,6,
kotsovolos,Αρχικοποίηση Υπολογιστή,6,
kotsovolos,Βάσεις Αυτοκινήτου,5,
kotsovolos,Media Players,5,
kotsovolos,Φροντίδα Inox,5,
kotsovolos,Παγομηχανές,5,
kotsovolos,Αξεσουάρ Δορυφορικών Δικτύων – Starlink,5,
kotsovolos,Antivirus - Internet Security,5,
kotsovolos,Ηλεκτρονικές ετικέτες τιμών,5,
kotsovolos,Μηχανές Κυπριακού Καφέ,5,coffee_machines
kotsovolos,Παγωτομηχανές,5,
kotsovolos,Κονσόλες PS5,5,consoles
kotsovolos,Κονσόλες Nintendo Switch 2,5,consoles
kotsovolos,Μικρόφωνα,5,
kotsovolos,Τιμονιέρες & Αξεσουάρ,5,
kotsovolos,Θαλάσσια Scooters,5,
kotsovolos,Αποστειρωτές UV,5,
kotsovolos,Gaming,5,
kotsovolos,Συμβόλαια,5,
kotsovolos,Φουρνάκια – Κουζινάκια,4,ovens
kotsovolos,Ανεμιστήρες Τοίχου,4,
kotsovolos,Θήκες HDD,4,
kotsovolos,Καταστροφείς Εγγράφων,4,
kotsovolos,Αφαλάτωση & Καθαρισμός,4,
kotsovolos,Επιτραπέζια Μίξερ,4,
kotsovolos,Επιτραπέζιες Εστίες,4,ovens
kotsovolos,Εργαλεία Κουζίνας,4,
kotsovolos,Παιχνίδια,4,
kotsovolos,DSLR,4,cameras
kotsovolos,Πλυστικά Μηχανήματα,4,
kotsovolos,Ακουστικά Ύπνου,3,headphones
kotsovolos,Καθαριστικά,3,
kotsovolos,Blu Ray & DVD Players,3,
kotsovolos,Εντοιχιζόμενα Πλυντήρια - Στεγνωτήρια,3,washing_machines
kotsovolos,Εκτυπωτές,3,
kotsovolos,Δορυφορικά Δίκτυα – Starlink,3,
kotsovolos,Πλαστικοποιητές,3,
kotsovolos,Προστατευτικά Διαχωριστικά Γραφείων,3,
kotsovolos,Πλυντικές,3,
kotsovolos,Ατμομάγειρες,3,
kotsovolos,Σετ Μαγειρικών Σκευών,3,
kotsovolos,Κονσόλες Nintendo Switch,3,consoles
kotsovolos,Games PC,3,
kotsovolos,Εξοπλισμός,3,
kotsovolos,Αξεσουάρ Τηλεκατευθυνόμενων,3,
kotsovolos,Συσκευασίες Δώρου & Gift Cards,3,
kotsovolos,Καθαρισμός & Περιποίηση,3,
kotsovolos,Μόνιμη Αποτρίχωση,3,
kotsovolos,Συσκευές Μασάζ,3,
kotsovolos,Ενδοεπικοινωνία,3,
kotsovolos,Πιεσόμετρα,3,
kotsovolos,Ψησταριές Κάρβουνου,3,
kotsovolos,Δράπανα,3,
kotsovolos,Σέγες - Πριόνια - Τροχοί,3,
kotsovolos,Mobile Broadband,3,
kotsovolos,Συνδρομητική Τηλεόραση,3,
kotsovolos,Smart Glasses,2,
kotsovolos,Bluetooth Headsets,2,headphones
kotsovolos,POS,2,
kotsovolos,Οθόνες Προβολής,2,
kotsovolos,Ηχεία Αυτοκινήτου,2,
kotsovolos,Ψυγεία Βιτρίνες,2,refrigerators
kotsovolos,Θερμάστρες Πετρελαίου,2,
kotsovolos,Ηλεκτρικά Τζάκια,2,
kotsovolos,Μπαταρίες Laptop,2,
kotsovolos,Πρέσες,2,
kotsovolos,Φροντίδα Υφασμάτων,2,
kotsovolos,Αρτοπαρασκευαστές,2,
kotsovolos,Μπρίκια,2,
kotsovolos,Games Xbox One,2,
kotsovolos,Φορητές Gaming Κονσόλες,2,consoles
kotsovolos,Ηoverboards,2,
kotsovolos,Μπιμπερό & Αξεσουάρ,2,
kotsovolos,Προϊόντα Ασφαλείας,2,
kotsovolos,Αξεσουάρ Ταξιδίου,2,
kotsovolos,Πλυντήρια - Στεγνωτήρια,2,washing_machines
kotsovolos,Εγκαταστάση Λογισμικού & Λειτουργικού Συστήματος,2,
kotsovolos,Εγκατάσταση Γονικού Ελέγχου,2,
kotsovolos,Οθόνες Multimedia,1,monitors
kotsovolos,Ανταλλακτικά Τηλεοράσεων,1,
kotsovolos,Όλοι οι φούρνοι μικροκυμάτων,1,ovens
kotsovolos,Panels,1,
kotsovolos,Όλοι οι ηλιακοί θερμοσίφωνες,1,
kotsovolos,Όλοι οι θερμοστάτες,1,
kotsovolos,Τροφοδοτικά - PSU,1,
kotsovolos,Κουτιά Υπολογιστή,1,
kotsovolos,Κάρτες Γραφικών - GPU,1,
kotsovolos,Εσωτερικοί HDD,1,
kotsovolos,Σιδερωτήρια,1,
kotsovolos,Playstation VR2,1,
kotsovolos,Κονσόλες Xbox Series S | X,1,consoles
kotsovolos,Virtual Reality Headsets,1,
kotsovolos,Αξεσουάρ Mobile Gaming,1,
kotsovolos,Βόλτα Μωρού,1,
kotsovolos,Διάδρομοι Γυμναστικής,1,
kotsovolos,Ποδήλατα Γυμναστικής,1,
kotsovolos,Χημικά & Καθαριστικά Πλυστικών,1,
kotsovolos,Κατσαβίδια,1,
kotsovolos,Πολυεργαλεία,1,
kotsovolos,Εξαρτήματα,1,
kotsovolos,Κιάλια,1,
kotsovolos,Home Cinema,1,speakers
kotsovolos,Ψησταριές,1,
kotsovolos,Μεταφορά Δεδομένων Smartphone,1,
kotsovolos,Ενεργοποίηση Λογαριασμού Smartphone,1,
kotsovolos,Wearables,1,smartwatches
kotsovolos,Bronze,1,
kotsovolos,Silver,1,
kotsovolos,Gold,1,
kotsovolos,Wi-Fi Internet Παντού,1,
kotsovolos,Βελτιστοποίηση Xρωμάτων Συσκευών - Calibration,1,
kotsovolos,Λοιπές Συσκευές,1,
stephanis,Action Figures,1979,
stephanis,Mobile Phone Cases,1770,
stephanis,Playstation,1036,
stephanis,Bluetooth Headsets,662,headphones
stephanis,Activity & Building Toys,581,
stephanis,Smartphones,514,smartphones
stephanis,Nintendo,475,
stephanis,Drinkware,447,
stephanis,Inks,376,
stephanis,Laptops,375,laptops
stephanis,LED,370,
stephanis,Film & Glass Protectors,358,
stephanis,Portable Speakers,349,speakers
stephanis,Earphones with Microphone,325,headphones
stephanis,Gaming Headphones/Earphones,314,headphones
stephanis,Smartwatches,307,smartwatches
stephanis,Joysticks/Gamepads,286,
stephanis,Headphones,286,headphones
stephanis,Xbox,286,
stephanis,Television,283,tvs
stephanis,Gaming Keyboards,270,
stephanis,Table Lights,269,
stephanis,USB Chargers,266,
stephanis,PC Monitors,253,monitors
stephanis,Audio & Video Cables,237,
stephanis,Gaming Mice,225,
stephanis,USB Cables,219,
stephanis,Power Banks,188,
stephanis,Swim Suits,182,
stephanis,Patchcord Cables,177,
stephanis,Mobile Phone Cables,176,
stephanis,Laptop Cases,170,
stephanis,Special Collectibles,169,
stephanis,Bauble Ornaments,165,
stephanis,Kids Costumes 3-12 years,164,
stephanis,Key Chains,162,
stephanis,Tv Brackets,153,
stephanis,Toners,150,
stephanis,Adapters,143,
stephanis,Gaming Mouse Pads,141,
stephanis,Blenders,140,
stephanis,Shoes,140,
stephanis,Alkaline Batteries,139,
stephanis,Gaming Chairs,139,
stephanis,Accessories for Action Cameras,133,
stephanis,Fans,129,
stephanis,Extensions,128,
stephanis,Mouse,127,
stephanis,Tablets,125,tablets
stephanis,Hair Straightener and Curler,122,
stephanis,LED String Lights,118,
stephanis,Button Cell Batteries,118,
stephanis,Tablet Cases,117,
stephanis,Kettles,113,
stephanis,Party Speakers,110,speakers
stephanis,Plushies,105,
stephanis,Hanging Ornaments,103,
stephanis,Compact cameras,100,cameras
stephanis,Hair Dryer,99,
stephanis,Coffee Machines,97,coffee_machines
stephanis,Keyboards,97,
stephanis,Artificial Potted Plants,97,
stephanis,Cleaning Accessories,95,
stephanis,Radios,92,
stephanis,Printers All-in-One,91,
stephanis,Upright Vacuum/Mop Cleaners,91,vacuums
stephanis,Routers,88,
stephanis,Pots & Planters,88,
stephanis,Board Games,85,
stephanis,Cordless Phones,84,
stephanis,Puzzles,84,
stephanis,Toasters,84,
stephanis,Clothing,80,
stephanis,Console Cases,79,
stephanis,Table Dining,79,
stephanis,Refrigerators,77,refrigerators
stephanis,Pre-Lit Artificial Trees,76,
stephanis,Notebooks/PC Power Supplies,76,
stephanis,Sound Bars,75,speakers
stephanis,Robotic Vacuum & Mopping Cleaners,75,vacuums
stephanis,USB Memory Sticks,74,
stephanis,Pre-lit/Unlit Wooden,73,
stephanis,Car & Desk Holders,71,
stephanis,IP Cameras,67,smart_home
stephanis,Solar Garden Lights,66,
stephanis,Remote Controls,66,
stephanis,PC,66,desktops
stephanis,Fryers,66,air_fryers
stephanis,Massager,65,
stephanis,Adult Costumes,65,
stephanis,Flowers,63,
stephanis,Memory cards,63,
stephanis,Microphones Multimedia,63,
stephanis,Branches,62,
stephanis,Antenna Cables,62,
stephanis,Electric Scooters,62,
stephanis,Christmas Bags,60,
stephanis,Wireless Chargers,60,
stephanis,Electric Toothbrushes,59,
stephanis,Cylinder Vacuum Cleaners,59,vacuums
stephanis,Pre-Lit/Unlit Room Decoration,58,
stephanis,Feature phones,58,smartphones
stephanis,Air Conditioners,58,air_conditioners
stephanis,Hair Trimmer,57,
stephanis,Body Fat Scales,57,
stephanis,Alarm Clocks,56,
stephanis,Hair Clipper,56,
stephanis,Artificial Flowers & Greenery,56,
stephanis,Desktop PCs,55,desktops
stephanis,Carnival Masks,51,
stephanis,Carnival Make-Up & Prosthetics,49,
stephanis,Charging Accessories,48,
stephanis,Corded Phones,48,
stephanis,Washing Machines,48,washing_machines
stephanis,Action Cameras,46,cameras
stephanis,Tables & Chairs,46,
stephanis,Fun Party Dress,45,
stephanis,Earphones,45,headphones
stephanis,(empty),44,
stephanis,Blankets,44,
stephanis,Iron Steam Generators,43,
stephanis,Beauty Devices,42,
stephanis,Pet Various Accessories,42,
stephanis,Lead Acid Batteries,41,
stephanis,Mixers/Kitchen Machines,41,
stephanis,Pre-Lit/Unlit Artificial Trees,41,
stephanis,Car Stereo,40,
stephanis,Ovens,40,ovens
stephanis,Multiport Adapters,40,
stephanis,Accessories for Hoverboards/Scooters,39,
stephanis,Heaters,39,
stephanis,Pre-Lit Curtains,38,
stephanis,School Bags,38,
stephanis,Activities,38,
stephanis,Educational,38,
stephanis,Stationery,37,
stephanis,Sandwich Toasters,37,
stephanis,Rechargeable Batteries,37,
stephanis,Microwaves,37,ovens
stephanis,Toddlers Costumes 1-3 years,37,
stephanis,Hobs,36,ovens
stephanis,PC Speakers,36,speakers
stephanis,Carrying Bags,36,
stephanis,Cases & Bags,35,
stephanis,Juicer,34,
stephanis,Outdoor Toys,34,
stephanis,Cooler Bags & Water Thermos,34,
stephanis,Trading Cards,34,
stephanis,Air Purifier/Dehumidifiers,33,
stephanis,Shavers,33,
stephanis,Adaptors,32,
stephanis,Towels,32,
stephanis,Cooker,32,ovens
stephanis,Gift Cards,32,
stephanis,Carnival Wigs,32,
stephanis,Small Nutcrackers,31,
stephanis,Mirrorless cameras,31,cameras
stephanis,Stands & Holders,31,
stephanis,Gaming Desks,31,
stephanis,Hub Switches,31,
stephanis,GPS Tracking Systems,31,
stephanis,Irons,31,
stephanis,Cutlery,31,
stephanis,Mouse Pads,30,
stephanis,Video Projectors,30,
stephanis,Shredders,29,
stephanis,Tripods & Monopods,29,
stephanis,Monitor Cables,28,
stephanis,Fitness Bands,27,smartwatches
stephanis,Hi-Fi,27,speakers
stephanis,Hats,27,
stephanis,AirPods Accessories,27,
stephanis,Pre-Lit 3D Designs,26,
stephanis,Weather Stations,26,
stephanis,Clocks,26,
stephanis,All in One PCs,26,desktops
stephanis,Vacuum Bags,25,
stephanis,Pre-Lit/Unlit Candles,25,
stephanis,External Hard Disks (HDD),25,
stephanis,Microphones,25,
stephanis,Frappe Mixers,25,coffee_machines
stephanis,Hoods,25,
stephanis,Gift Bags,25,
stephanis,Portable CD & Cassete Players,24,
stephanis,Accessories,24,
stephanis,Hand Mixers,24,
stephanis,Beach Buckets,24,
stephanis,Various,23,
stephanis,Headphones Multimedia,23,headphones
stephanis,Lens,23,
stephanis,Book Series,23,
stephanis,Fm Transmitters,22,
stephanis,Gaming Wheels,22,
stephanis,Printers,22,
stephanis,Electric Bikes & Motocycles,22,
stephanis,Tripods & Ring Lights,22,
stephanis,Serving Bowls,22,
stephanis,Torches,22,
stephanis,Party Appliances,21,
stephanis,Graphic Tablets,21,
stephanis,Cooling Pads,21,
stephanis,Platters,21,
stephanis,Calculators,20,
stephanis,Pre-Lit Nets/Icicles,20,
stephanis,LED Party Lights,20,
stephanis,Screen Protectors,20,
stephanis,Scales,20,
stephanis,Baby Monitors,20,
stephanis,Christmas Greeting Cards,19,
stephanis,Under the Tree,19,
stephanis,Media Players,19,
stephanis,Gaming Speakers,19,speakers
stephanis,Lithium Batteries,19,
stephanis,Web Cameras,19,
stephanis,Water Dispensers,19,
stephanis,Indoor Antennas,19,
stephanis,Christmas Wrapping Paper,19,
stephanis,Freestanding Dishwashers,19,dishwashers
stephanis,Carnival Accessory Set,19,
stephanis,Various Accessories,18,
stephanis,Pre-Lit Christmas Lanterns,18,
stephanis,Door Phone systems,18,
stephanis,Swimming Pools,18,
stephanis,Range Extenders,18,
stephanis,Side by Side,18,refrigerators
stephanis,Bottles & Carafes,18,
stephanis,Carnival Headpieces,18,
stephanis,Epilator,17,
stephanis,Barbecue Grills,17,
stephanis,Barbecue Accessories,17,
stephanis,Digital Photo Frames,17,
stephanis,Power Cables,17,
stephanis,Repellers/Bug Killers,17,
stephanis,Tablet Stylus,17,
stephanis,Carnival Party,17,
stephanis,Pre-Lit/Unlit Garlands,16,
stephanis,Consumables,16,
stephanis,Turntables,16,
stephanis,Popsocket & Rings,16,
stephanis,Walkie Talkies,16,
stephanis,Usb Lan Adapters,16,
stephanis,Electric Toy Vehicles,16,
stephanis,Bows/Ribbons,16,
stephanis,UPS,16,
stephanis,Internal Disks (SSD),15,
stephanis,External Disks (SSD),15,
stephanis,Pool Floats,15,
stephanis,Mini Vacuum Cleaners,15,vacuums
stephanis,Portable Hobs,15,ovens
stephanis,Food Storage,15,
stephanis,Pre-Lit Special Deco,14,
stephanis,Led Stripes,14,
stephanis,Beach and Sand games,14,
stephanis,Video Projector Screens,14,
stephanis,Drone Accessories,14,
stephanis,Retro,14,consoles
stephanis,Tumble Dryer,14,dryers
stephanis,Trading Card Accessories,14,
stephanis,Car Speaker,13,
stephanis,Trains,13,
stephanis,Disco Lights,13,
stephanis,Selfie Sticks,13,
stephanis,Laminator Accessories,13,
stephanis,Santa stockings,13,
stephanis,Smartwatches Accessories,13,
stephanis,Carnival Hats,13,
stephanis,Drawing,12,
stephanis,Tree Toppers,12,
stephanis,Figures,12,
stephanis,Camcorder Batteries,12,
stephanis,Drones,12,
stephanis,Umbrellas,12,
stephanis,Plates,12,
stephanis,Binoculars,12,
stephanis,Steam Cookers,11,
stephanis,Voice Recorders,11,
stephanis,Hard Disk Cases,11,
stephanis,Laminators,11,
stephanis,Diving Masks,11,
stephanis,Coffee Grinders,11,
stephanis,Infants Costumes 0-1 years,11,
stephanis,Air Coolers,10,
stephanis,Gift Tags,10,
stephanis,Fluorescent,10,
stephanis,Memory Card Readers,10,
stephanis,Bags,10,
stephanis,PC Monitor Brackets,10,
stephanis,Fairy Tale Stories,10,
stephanis,Remote Controls for Airconditioners,10,
stephanis,Pre-Lit Flowers & Arches,10,
stephanis,Garden Ornaments,10,
stephanis,Kids Vehicles,10,
stephanis,Non-Lit Artificial Trees,9,
stephanis,Window Cleaners,9,
stephanis,Rope Lights,9,
stephanis,Pre-Lit/Unlit Wreaths,9,
stephanis,Hoverboards,9,
stephanis,Grills,9,
stephanis,Incandescent,9,
stephanis,Various Kitchen Accessories,9,
stephanis,Freezers,9,refrigerators
stephanis,Treadmills,9,
stephanis,CPU Cooling Fans,9,
stephanis,Built-in Dishwashers,9,dishwashers
stephanis,Carnival Weapons,9,
stephanis,Alarm Systems,8,
stephanis,Blood pressure monitors,8,
stephanis,Pre-Lit/Unlit Sticks,8,
stephanis,DVD & Blu-Ray,8,
stephanis,Cables,8,
stephanis,Papers,8,
stephanis,Facial Masks,8,
stephanis,Scanners,8,
stephanis,Tubes,8,
stephanis,Powerlines,8,
stephanis,LED Projectors,8,
stephanis,Gaming Floor Mats,8,
stephanis,Fun Party Decorations,8,
stephanis,Washer Dryers,8,washing_machines
stephanis,Built-in Microwaves,8,ovens
stephanis,Boxes,8,
stephanis,Christmas Candle Holders,8,
stephanis,Pre-Lit Stars/Snowflakes,7,
stephanis,Gaming Cameras,7,
stephanis,Gift Packs,7,
stephanis,Mp3/Mp4 Players,7,
stephanis,All Video Games,7,
stephanis,Decoders DVB-T2,7,
stephanis,Free Standing Wine Conditioning Units,7,refrigerators
stephanis,eReaders,7,
stephanis,Remote Controlled Cars,7,
stephanis,Mixers,6,
stephanis,Steam Cleaners,6,
stephanis,DVD Writer,6,
stephanis,Elastofolder,6,
stephanis,Halogen,6,
stephanis,Fan heaters,6,
stephanis,Portable Refrigerators,6,refrigerators
stephanis,Grinders/Slicers,6,
stephanis,Pre-Lit Plants,6,
stephanis,Playhouses,6,
stephanis,Smart Rings,6,smartwatches
stephanis,Pet Bowls,6,
stephanis,Halloween Outdoor Decorations,6,
stephanis,Wrapping Papers,6,
stephanis,Car Dash Cams,6,
stephanis,Air Compressors,6,
stephanis,Splitters,5,
stephanis,Coffee,5,
stephanis,Pre-Lit/Unlit Acrylic,5,
stephanis,Dvd players,5,
stephanis,Gaming VR,5,
stephanis,Security,5,
stephanis,Inflatable Play Centers,5,
stephanis,Thermometers,5,
stephanis,Money Wallets,5,
stephanis,Photo Printers,5,
stephanis,Pressure Washers,5,
stephanis,Various Carnival Accessories,5,
stephanis,Undercounter & Mini bar,5,refrigerators
stephanis,Ice Makers,5,
stephanis,Paintings,4,
stephanis,DSLR cameras,4,cameras
stephanis,Spotlight Outdoor,4,
stephanis,Nautical,4,
stephanis,Air Pumps,4,
stephanis,Video Projector Brackets,4,
stephanis,"Plugs, Sockets & Adaptors",4,
stephanis,Milk Frothers,4,
stephanis,Fridges w/o freezer,4,refrigerators
stephanis,Digital Diaries,4,
stephanis,Pre-Lit/Unlit Paintings,4,
stephanis,Pre-Lit Garlands,4,
stephanis,Robot Cleaning Devices,4,vacuums
stephanis,Inflatables,4,
stephanis,Exercise Bicycles,4,
stephanis,Artificial Grass,4,
stephanis,Neck Cushions,4,
stephanis,Underwater Sea Scooters,4,
stephanis,Halloween Light Strings,4,
stephanis,Baby Aspirators,4,
stephanis,Thermometres & Hydrometres,4,
stephanis,Various Baby Appliances,3,
stephanis,Mouse Presenters,3,
stephanis,Nail/Foot/Hand Care,3,
stephanis,Plugs,3,
stephanis,Power Supplies,3,
stephanis,RF Modulator,3,
stephanis,Sand & Stones,3,
stephanis,Water Games & Toys,3,
stephanis,Goggles,3,
stephanis,3D Glasses,3,
stephanis,Access Points,3,
stephanis,Gift Decorations,3,
stephanis,PC Cases,3,
stephanis,Pre-Lit/Unlit Nativities,3,
stephanis,Big Size Nutcrackers/Statues,3,
stephanis,Water Fountains,3,
stephanis,Umbrella Bases,3,
stephanis,Gimbals,3,
stephanis,Pet Feeders,3,
stephanis,Summer Lanterns,3,
stephanis,Summer Candle Holders,3,
stephanis,Deck Tiles,3,
stephanis,Kids Scooters/Go-karts,3,
stephanis,Halloween Wands,3,
stephanis,Lenovo,3,
stephanis,Luggage Scales,3,
stephanis,Inflatable Air Beds,3,
stephanis,Laptop Stands,3,
stephanis,Bells,3,
stephanis,CDs,2,
stephanis,Bath gifts,2,
stephanis,Laptop Accessories,2,
stephanis,Portable Dvd players,2,
stephanis,Comedy,2,
stephanis,Drama,2,
stephanis,Batteries,2,
stephanis,Accessories Pack,2,
stephanis,Home Cinema,2,speakers
stephanis,LNB,2,
stephanis,Hoodies,2,
stephanis,DC/DC Converters,2,
stephanis,Music Receivers,2,
stephanis,Sterilizer Devices,2,
stephanis,Millers,2,
stephanis,Halloween Special Deco Lights,2,
stephanis,Boats,2,
stephanis,Inflatable Slides,2,
stephanis,Pool Lights,2,
stephanis,Table Cloths,2,
stephanis,Kitchen Timers,2,
stephanis,Pre-lit Motifs,2,
stephanis,Cookers,2,ovens
stephanis,Deco Table Lights,2,
stephanis,Garden Storage,2,
stephanis,Halloween Stickers,2,
stephanis,Various Large Displays,2,
stephanis,Asus,2,
stephanis,Tv Stands,2,
stephanis,Greeting Cards,2,
stephanis,Baby Milk Makers,2,
stephanis,Pet Carriers,2,
stephanis,Racing Wheels,2,
stephanis,Boosters,1,
stephanis,Alcohol Tester,1,
stephanis,Cleaning Materials,1,
stephanis,Science Fiction,1,
stephanis,All Scooters & Hoverboards & Bikes,1,
stephanis,Electronic Skipping Ropes,1,
stephanis,Starter Packs,1,
stephanis,Filters,1,
stephanis,Fluorescent base,1,
stephanis,Public Adress Amplifiers,1,
stephanis,"Switches (VGA,USB,HDMI,KVM)",1,
stephanis,Pencil Cases,1,
stephanis,Pencils,1,
stephanis,Satellite Receivers,1,
stephanis,Tablet Accessories,1,
stephanis,Satellite Dishes,1,
stephanis,Network Antennas,1,
stephanis,Electric Knifes,1,
stephanis,Tents,1,
stephanis,Inflatable Sprinklers,1,
stephanis,Showers,1,
stephanis,Filter Catridges,1,
stephanis,Pre-Lit/Unlit Snowglobes,1,
stephanis,Hobbies,1,
stephanis,Office Desks,1,
stephanis,Santa Houses,1,
stephanis,All Costumes,1,
stephanis,Aroma Diffusers,1,
stephanis,Pet Fountains,1,
stephanis,SUP Boards,1,
stephanis,Halloween Lanterns,1,
stephanis,Halloween Projectors,1,
stephanis,Halloween Masks,1,
stephanis,Acer,1,
stephanis,Rowing Machines,1,
stephanis,Baby Sterilizers,1,
stephanis,Baby Breast Pumps,1,
stephanis,Food Thermometres,1,
electroline,Νέα Προϊόντα,1210,
electroline,Κινητά-Smartphones,322,smartphones
electroline,Smartwatches,287,smartwatches
electroline,Θήκες Smartphone,283,
electroline,Aξεσουάρ Ψησίματος,182,
electroline,Tablets,159,
electroline,Φορτιστές & Καλώδια,157,
electroline,LEGO,141,
electroline,Eντοιχιζόμενες Εστίες,125,ovens
electroline,Τηλεοράσεις,121,tvs
electroline,Ηχεία Bluetooth,116,speakers
electroline,Σακούλες-Αξεσουάρ,106,
electroline,Τrue Wireless,105,headphones
electroline,Φούρνοι,103,ovens
electroline,Mεμβράνες & Γυαλιά Προστασίας,95,
electroline,On/Over Ακουστικά,82,headphones
electroline,Φιγούρες,82,
electroline,Καφετιέρες Espresso,78,coffee_machines
electroline,Αξεσουάρ Action Κάμερας,73,
electroline,Kλιματιστικά Inverter,70,air_conditioners
electroline,Θήκες & Περιφεριακά,70,
electroline,Μελάνια,65,
electroline,Αξεσουάρ Κονσολών,64,
electroline,Διάφορα Αξεσουάρ Κινητών,64,
electroline,Ηλεκτρικοί Ανεμιστήρες,63,
electroline,Αξεσουάρ Απορροφητήρων,61,
electroline,Φορητοί Υπολογιστές,60,laptops
electroline,Βάσεις Τοίχου & Δαπέδου,60,
electroline,Δώρα,60,
electroline,Tζάκι,60,
electroline,Πλυντήρια,58,washing_machines
electroline,Εντοιχιζόμενα Πλυντήρια Πιάτων,58,dishwashers
electroline,Mπουκάλια Νερού,58,
electroline,Έξυπνος LED Φωτισμός,51,smart_home
electroline,Κουρευτικές Μηχανές Κεφαλής & Προσώπου,51,
electroline,Επιτραπέζια Παιχνίδια,48,
electroline,Αφαιρούμενες Πόρτες Ψυγείων,48,
electroline,Μπάρες Ηχείων,46,speakers
electroline,Aξεσουάρ Μηχανών Καφέ,44,
electroline,Ανεμιστήρες Τοίχου / Οροφής,42,
electroline,Ηχεία Καραόκε,42,speakers
electroline,Λαμπτήρες LED,42,
electroline,Ψυγειοκαταψύκτες,41,refrigerators
electroline,Βραστήρες,41,
electroline,Καλώδια Υπολογιστών,39,
electroline,Κεριά & Βάσεις Κεριών,39,
electroline,Δίπορτα,37,refrigerators
electroline,Μαγειρικά Σκεύη,37,
electroline,Αξεσουάρ Φούρνων,36,
electroline,Ηλεκτρικές Σκούπες,35,vacuums
electroline,Eιδικές Συσκευές,35,
electroline,In Ear Aκουστικά,35,headphones
electroline,Αξεσουάρ Γραφείου,35,
electroline,Ενισχυτές Σήματος,35,
electroline,Βινύλια,35,
electroline,Εντοιχιζόμενοι,34,
electroline,Μπλέντερ - Πολυκόφτες Multi,32,
electroline,Μνήμες USB Flash,32,
electroline,Αξεσουάρ Εστιών,32,
electroline,Rings,32,
electroline,Γκριλιέρες,31,
electroline,Εργαλεία Κουζίνας,31,
electroline,Σιδερόπρεσες,30,
electroline,Gaming Ποντίκια,30,
electroline,Ηλεκτρικές Οδοντόβουρτσες,30,
electroline,Νησίδα,29,
electroline,IP Smart Kάμερες Εξωτερικού Χώρου,29,smart_home
electroline,Ψησταριές Κάρβουνου,29,
electroline,Πληκτρολόγια,29,
electroline,Ταξιδιωτικοί Θέρμοι,29,
electroline,Εντοιχιζόμενοι Ψυγειοκαταψύκτες,28,refrigerators
electroline,Gaming Οθόνες,28,monitors
electroline,Ελεύθερα,27,
electroline,Σκούπες Stick,27,vacuums
electroline,Καλώδια Δικτύωσης,27,
electroline,Ραδιόφωνα / Ξυπνητήρια,27,
electroline,Projectors,26,
electroline,Καλώδια Τηλεοράσεων,26,
electroline,Αφυγραντήρες / Υγραντήρες,26,
electroline,Aξεσουάρ Wearables,26,
electroline,Πολυμηχανήματα,25,
electroline,Ποντίκια,25,
electroline,Φούρνοι Μικροκυμάτων,25,ovens
electroline,Σίδερα,24,
electroline,Gaming Πληκτρολόγια,24,
electroline,Tετράπορτα,23,refrigerators
electroline,Instant Κάμερες,23,cameras
electroline,Φριτέζες Λαδιού & Αέρος,22,air_fryers
electroline,Κουζινομηχανές,22,
electroline,Αξεσουάρ για Ηλ. Οδοντόβουρτσες,22,
electroline,Εκπαιδευτικά Παιχνίδια,22,
electroline,Last Items on Kitchen Appliances,21,
electroline,Διασκεδαστικά Παιχνίδια,21,
electroline,Side-by-Side,20,refrigerators
electroline,Κανάτες & Φίλτρα Νερού,20,
electroline,Action Κάμερες,19,cameras
electroline,Στεγνωτήρια,18,dryers
electroline,Gaming Ακουστικά,18,headphones
electroline,Οθόνες,18,monitors
electroline,Aξεσουάρ Ψυγείων,17,
electroline,Αθλητικά Ακουστικά,17,headphones
electroline,Παιδικά Ακουστικά,17,headphones
electroline,Σίδερα Μαλλιών,17,
electroline,Τσάντες,17,
electroline,Μηχανές Αποτρίχωσης,17,
electroline,Γωνιακοί Τροχοί,16,
electroline,Gaming Laptops,16,laptops
electroline,Ηλεκτρικά Πατίνια,16,
electroline,Εντοιχιζόμενες Καφετιέρες,16,coffee_machines
electroline,IP Smart Kάμερες Εσωτερικού Χώρου,16,smart_home
electroline,Μπαταρίες Kήπου,16,
electroline,Κάρτες Μνήμης,15,
electroline,Φραπεδιέρες,15,coffee_machines
electroline,Καλώδια Ήχου,15,
electroline,Eπιτραπέζια Παιχνίδια,15,
electroline,Θερμοθάλαμοι,15,
electroline,Ρομποτικές Σκούπες,14,vacuums
electroline,Τοστιέρες,14,
electroline,Shredders / Πλαστικοποιητές,14,
electroline,Δραπανοκατσάβιδα,14,
electroline,Ηλιακά Φωτιστικά,14,
electroline,Αποχυμωτές,14,
electroline,Ενσύρματες Συσκευές,14,
electroline,Αξεσουάρ Κάμερας,14,
electroline,Eντοιχιζόμενα Ψυγεία,13,refrigerators
electroline,Κοπτήρες,13,
electroline,Μονόπορτα,13,refrigerators
electroline,Πλυντήρια & Στεγνωτήρια,13,washing_machines
electroline,Aλυσοπρίονα,13,
electroline,Καφετιέρες Φίλτρου,13,coffee_machines
electroline,Σεσουάρ Μαλλιών,13,
electroline,Φλιντζάνια Καφέ,13,
electroline,Θερμοπομποί,13,
electroline,Μπαούλο,12,
electroline,Τρίποδα & Ring Lights,12,
electroline,Ζυγαριές Μπάνιου,12,
electroline,Σκάλες Αναδιπλούμενες,12,
electroline,Φορητές Μπαταρίες,12,
electroline,Πολύπριζα,12,
electroline,Yλικό Εκτύπωσης 3D Printers,12,
electroline,Ποδοσφαιρικά Συλλεκτικά,12,
electroline,Διάδρομοι Γυμναστικής,12,
electroline,Συσκευές Μασάζ,12,
electroline,Αξεσουάρ Πλυστικών Μηχανημάτων,12,
electroline,Σκούπες Χειρός,12,
electroline,Βούρτσες & Ψαλίδια,12,
electroline,Αλυσίδες Αλυσοπρίονων,12,
electroline,Ψυγεία/Καταψύκτες Twins,11,refrigerators
electroline,Κινητά Απλής Χρήσης,11,smartphones
electroline,Οθόνες Προβολής & Αξεσουάρ,11,
electroline,Ραβδοπλέντερ,11,
electroline,Συρτάρι,11,
electroline,Αξεσουάρ & Φίλτρα,11,
electroline,Διασκεδαστικά Παιχνίδια & Δώρα,11,
electroline,Τριβεία,11,
electroline,Καφετιέρες με Kάψουλες,11,coffee_machines
electroline,Ελεύθερες,11,
electroline,Mousepad / Πατάκι Ποντικιού,11,
electroline,Φορτιστές,11,
electroline,Αερόθερμα,11,
electroline,Κονσόλες,10,consoles
electroline,Ψαλίδια Μπορντούρας,10,
electroline,Ακουστικά,10,headphones
electroline,Αισθητήρες,10,smart_home
electroline,Ντουλάπες Κήπου,10,
electroline,Καλοριφέρ Λαδιού,10,
electroline,Πίνακες,10,
electroline,Πλυστικά Μηχανήματα,9,
electroline,Δημιουργικά Παιχνίδια,9,
electroline,Επιτραπέζιοι Υπολογιστές,9,desktops
electroline,Laserjet,9,
electroline,Καφετιέρες Κυπριακού Καφέ,9,coffee_machines
electroline,Μολύβια,9,
electroline,Φυσητήρες / Αναρροφητήρες,9,
electroline,Εντοιχιζόμενοι Συντηρητές Κρασιών,9,refrigerators
electroline,Φούρνοι Πίτσας,9,ovens
electroline,Ηχεία,9,speakers
electroline,Αξεσουάρ Σταθμών Ενέργειας,9,
electroline,Αναλώσιμα Φωτογραφικών Μηχανών,9,
electroline,Αξεσουάρ πλυντηρίων/στεγνωτηρίων,9,
electroline,Μύτες Βιδώματος,9,
electroline,Mικρόφωνα,9,
electroline,Δίχτυα Ελιάς,9,
electroline,Διαχωριστικά Εξωτερικού Χώρου,9,
electroline,Διακοσμητικά,9,
electroline,Routers,8,
electroline,Εντοιχιζόμενες Ψησταριές,8,
electroline,Ψησταριές Υγραερίου,8,
electroline,Ζυγαριές Koυζίνας,8,
electroline,Hobby & Αθλητισμός,8,
electroline,Διακόπτες,8,
electroline,Προϊόντα Καθαρισμού για Πλυντήρια Πιάτων,8,
electroline,Φορτιστές & Μπαταρίες Ηλεκτρικών Εργαλείων,8,
electroline,Αξεσουάρ Μαγειρικής,8,
electroline,Τηλεχειριστήρια Τηλεόρασης,8,
electroline,Portable CD Players,8,
electroline,Κατακόρυφοι,7,
electroline,Συντηρητές Κρασιών Single Zone,7,refrigerators
electroline,Αλκαλικές Μπαταρίες,7,
electroline,Τόνερς,7,
electroline,Μικρά,7,
electroline,E-Book Readers,7,
electroline,Δισκοπρίονα,7,
electroline,All-In-One,7,desktops
electroline,Aξεσουάρ Ηλεκτροκίνησης,7,
electroline,Κατσαβίδια,7,
electroline,Πολυμάγειρες,7,air_fryers
electroline,Ανιχνευτές Θερμοκρασίας & Υγρασίας,7,
electroline,Μετακινούμενα Πάνελ,7,
electroline,LED Προβολείς,7,
electroline,Παιδικές Κάμερες,7,
electroline,Φωτιστικά Επιδαπέδια,7,
electroline,Έξυπνα Gadget,6,
electroline,3D Εκτυπωτές,6,
electroline,Digital Κάμερες,6,cameras
electroline,Ψησταριές Φουκού,6,
electroline,Gaming Πατάκια,6,
electroline,Φουρνάκια,6,ovens
electroline,Ελεύθεροι,6,
electroline,Μίξερ Χειρός,6,
electroline,Switches & Access Points,6,
electroline,Πολυμίξερ,6,
electroline,Eξωτερικοί Σκληροί Δίσκοι SSD,6,
electroline,Αξεσουάρ Κουζινομηχανών,6,
electroline,Αξεσουάρ Ταξιδίου,6,
electroline,Kαθαριστικά Τηλεόρασης,6,
electroline,Δίσκοι Κοπής & Λείανσης,6,
electroline,Bάζα,6,
electroline,Aξεσουάρ Θερμοθαλάμων,6,
electroline,Ψυγεία Νερού,5,
electroline,Αποκωδικοποιητές DVB - T2,5,
electroline,Έξυπνες Πρίζες,5,smart_home
electroline,Μπαταρίες Κουμπιά,5,
electroline,Χαρτιά Εκτύπωσης,5,
electroline,Σχολικές Τσάντες,5,
electroline,Κάρτες - Αυτοκόλλητα,5,
electroline,Σπαθοσέγες,5,
electroline,Δράπανα,5,
electroline,Σέγες,5,
electroline,Κονταροπρίονα,5,
electroline,Θήκες Ακουστικών,5,
electroline,Media Players,5,
electroline,Eκτυπωτές Φωτογραφιών,5,
electroline,Aξεσουάρ για Σίδερα,5,
electroline,Σιδερώστρες,5,
electroline,Προϊόντα Καθαρισμού για Φούρνους & Εστίες,5,
electroline,Κουβέρτες (Ηλεκτρικές & Aπλές),5,
electroline,HI-FI Micro,5,speakers
electroline,Μέτρα,5,
electroline,Φωτιστικά Επιτραπέζια,5,
electroline,Αξεσουάρ Κουρευτικών Μηχανών,4,
electroline,Καλώδια Επέκτασης,4,
electroline,Gaming Μικρόφωνα,4,
electroline,Gaming Ηχεία,4,speakers
electroline,Streaming Προϊόντα,4,
electroline,Gaming Kαρέκλες,4,
electroline,Ψυγεία French Door,4,refrigerators
electroline,Συντηρητές Κρασιών Dual Zone,4,refrigerators
electroline,Περιστροφικά Πιστολέτα,4,
electroline,Αξεσουάρ Πατινιών,4,
electroline,Κλειδιά,4,
electroline,Φορητές Εστίες,4,ovens
electroline,Ασύρματες Συσκευές,4,
electroline,Solar Panel για Εξωτερικές Κάμερες,4,
electroline,Υπογούφερ,4,speakers
electroline,Έξυπνα Θυροτηλέφωνα,4,smart_home
electroline,Κεραίες Tηλεόρασης,4,
electroline,Xλοο4κοπτικές Μηχανές,4,
electroline,Παγωνιέρες,4,
electroline,Aσύρματοι Αντάπτορες,4,
electroline,Eνισχυτές Ήχου,4,
electroline,Μπαούλα Κήπου,4,
electroline,Λεμονοστύφτες,4,
electroline,Ξυριστικές Σώματος,4,
electroline,Πιεσόμετρα/Θερμόμετρα,4,
electroline,Έξυπνα Ηχεία,4,speakers
electroline,Τρυπάνια,4,
electroline,Βυθιζόμενες Αντλίες,4,
electroline,Καρφωτικά,4,
electroline,Τεχνητοί Πράσινοι Τοίχοι,4,
electroline,Έξυπνοι LED Λαμπτήρες,3,smart_home
electroline,Προϊόντα Καθαρισμού για Καφετιέρες,3,
electroline,Συλλέκτες Φύλλων,3,
electroline,Θήκες Σκληρών Δίσκων,3,
electroline,Δοχεία Φαγητού,3,
electroline,Λαμπτήρες Οικιακών Συσκευών,3,
electroline,Neon & LED Φωτιστικά,3,
electroline,Παζλ,3,
electroline,Ηλεκτρικά Κατσαβίδια,3,
electroline,Eντοιχιζόμενα Πλυντήρια,3,washing_machines
electroline,Απωθητικά Πτηνών,3,
electroline,Ελλειπτικά Μηχανήματα,3,
electroline,Κλιματιστικά Κασέτα,3,air_conditioners
electroline,Φορητοί Σταθμοί Ενέργειας,3,
electroline,Επαγωγικές,3,ovens
electroline,Λάδια Αλυσίδας,3,
electroline,Κωπηλατικές Μηχανές,3,
electroline,Bluetooth Headset,3,headphones
electroline,Εκκινητές,3,
electroline,Λέιζερ,3,
electroline,Aλοιφαδόροι,3,
electroline,Σκουπιδοφάγοι,3,
electroline,Bάσεις Ηχείων και Soundbars,3,
electroline,Εξωτερικοί Σκληροί Δίσκοι HDD/SSD,3,
electroline,Πολυεργαλεία,3,
electroline,Σκάλες Τηλεσκοπικές,3,
electroline,Σταθερά Ηχεία,3,speakers
electroline,Σετ Εργαλεία Χειρός,3,
electroline,Πιστόλια Βαφής,3,
electroline,Πάνελ Εκπομπών,3,
electroline,Εφαρμογές,3,
electroline,Βάσεις Ψύξης,3,
electroline,Καρυδάκια & Καστάνιες,3,
electroline,Εργαλειοθήκες,3,
electroline,DVD Players & Recorders,3,
electroline,Στοπ Πόρτας,3,
electroline,Ψησταριές Ηλεκτρικές,2,
electroline,Προϊόντα Καθαρισμού για Πλυντήρια Ρούχων,2,
electroline,Aξεσουάρ Αυτοκινήτου,2,
electroline,Σβηστήρια,2,
electroline,Φωτιστικά,2,
electroline,Γάντια,2,
electroline,Επαναφορτιζόμενες Μπαταρίες,2,
electroline,Kασετίνες,2,
electroline,Φωτιστικά Μπαταρίας,2,
electroline,Εσωτερικός Φωτισμός,2,
electroline,Αλοιφαδόροι,2,
electroline,Κλιματιστικά Φορητά,2,air_conditioners
electroline,Όργανα Γυμναστικής,2,
electroline,Κλιματιστικά Eπιδαπέδια,2,air_conditioners
electroline,Αξεσουάρ Κλιματιστικών,2,
electroline,Υγραντήρες Πούρων,2,
electroline,Κάρτες FIFA 365,2,
electroline,Βάσεις Οθόνης - Υ/Π,2,
electroline,Θερμοσίφωνες Υγραερίου,2,
electroline,Μεσινέζες,2,
electroline,Ψηφιακά Ηλεκτρικά Εργαλεία,2,
electroline,Κλαδευτήρια Μπαταρίας,2,
electroline,Μανικιούρ -Πεντικιούρ,2,
electroline,Aξεσουάρ Μπάνιου,2,
electroline,Καναλάτο,2,air_conditioners
electroline,Κλιματιστικά Καναλάτα,2,air_conditioners
electroline,Ρολόγια Τοίχου,2,
electroline,Xαλάκια CoCo,2,
electroline,Κλιματιστικά Δαπέδου/Οροφής,2,air_conditioners
electroline,Κουμπαράδες,2,
electroline,Ψηφιακές Κορνίζες,2,
electroline,Παιδικά Χαλιά,1,
electroline,Antivirus,1,
electroline,Φρουτοσυλλέκτες,1,
electroline,Kάρτες - Αυτοκόλλητα,1,
electroline,Πάγκοι - Δίζυγα,1,
electroline,Ποδοσφαιρικές Φανέλες,1,
electroline,Φωτιστικά Ζωάκια,1,
electroline,Φωτιστικά Ήρωες & Gaming,1,
electroline,Φιγούρες Ποδοσφαιριστών,1,
electroline,Gaming Κάμερες,1,
electroline,Εντοιχισμένα,1,
electroline,Kάθετα Ρούτερ,1,
electroline,Συμπιεστές Αέρος,1,
electroline,ΣΑΝΙΔΕΣ SUP & KAYAK,1,
electroline,Φούρνοι Ατμού,1,ovens
electroline,Εντοιχιζόμενα Πλυντήρια/Στεγνωτήρια,1,washing_machines
electroline,LED Λαμπτήρες,1,
electroline,ΑΞΕΣΟΥΑΡ SUP ΒOARDS & KAYAK,1,
electroline,Ρομποτικές Χλοοκοπτικές Μηχανές,1,
electroline,Mπουκάλια Ψυγείων Νερού,1,
electroline,Αρωματοθεραπεία,1,
electroline,Baby Monitors,1,
electroline,ΜΟΝΟΠΟΡΤΑ,1,refrigerators
electroline,Απλώστρες Ρούχων,1,
electroline,Είδη Αυτοκινήτου,1,
electroline,Web Κάμερες,1,
electroline,Ράβδοι Θερμόκολλας,1,
electroline,Θερμοκολλητικά,1,
electroline,Παγίδες Κουνουπιών,1,
electroline,Μαχαίρια,1,
electroline,Θαμνοκοπτικά,1,
electroline,Καθαριστές Επιφανειών,1,
electroline,Ψεκαστήρες Πλάτης,1,
electroline,Εξαρτήματα & Αξεσουάρ,1,
electroline,Απωθητικά για Γάτες,1,
electroline,Koύπες/Ποτήρια,1,
electroline,Yγραερίου,1,
electroline,Σετ Εντοιχισμού,1,ovens
electroline,Θερμάστρες Υγραερίου,1,
electroline,Ελαιοραβδιστικά,1,
electroline,Συντηρητές Κρασιών 3 Zone,1,refrigerators
electroline,Πλυντήρια Ρούχων,1,washing_machines
electroline,ΨΥΓΕΙΟΚΑΤΑΨΥΚΤΕΣ,1,refrigerators
electroline,Aξεσουάρ Φούρνων,1,
electroline,Τζάκι,1,
electroline,Eστίες Υγραερίου,1,ovens
electroline,Προϊόντα Καθαρισμού για Ψυγεία & Καταψύκτες,1,
electroline,Αντιγραφέας Xειριστηρίων,1,
electroline,"Φακοί, Φίλτρα & Φλας",1,
electroline,Έξυπνα Συστήματα Ασφαλείας Σετ,1,smart_home
electroline,Ακουστικά/Ψείρες,1,headphones
electroline,Σάκοι φυσητήρων,1,
electroline,Μαγειρικής,1,
electroline,Μεταλλικό Ανάγλυφο,1,
electroline,Βean Bags/Πουφ,1,
electroline,Φακοί,1,
electroline,Ψηφιακός Φωνητικός Καταγραφέας,1,
electroline,Στυλό,1,
electroline,Ξύστρες,1,
electroline,Domino,1,
electroline,Εντοιχιζόμενες Παγομηχανές,1,
public,Μελάνια,459,
public,Toner,358,
public,Smartphones,339,smartphones
public,PS5,298,
public,Τηλεοράσεις,280,tvs
public,Φιγούρες Funko Pop!,269,
public,Tablets,266,tablets
public,Smartwatches,258,smartwatches
public,Laptops,216,laptops
public,Συλλεκτικά,209,
public,Nintendo Switch,204,
public,Gaming Merchandise,197,
public,PS4,191,
public,Τσάντες,179,
public,Ακουστικά,174,headphones
public,Gaming Headsets,172,headphones
public,Σακούλες - Αξεσουάρ,161,
public,Πολύπριζα - Μπαλαντέζες,151,
public,Φορητά Ηχεία,147,speakers
public,Λουράκια Wearables,131,
public,Ασύρματα Ποντίκια,128,
public,Βάσεις Τηλεοράσεων,122,
public,Xbox Series,119,
public,Εντοιχιζόμενοι Φούρνοι & Κουζίνες,116,ovens
public,Ψυγειοκαταψύκτες,115,refrigerators
public,Λάμπες,109,
public,Εντοιχιζόμενες Εστίες,107,ovens
public,Κλιματιστικά Τοίχου,107,air_conditioners
public,Πλυντήρια Ρούχων,106,washing_machines
public,USB Sticks,105,
public,Αξεσουάρ BBQ & Πίτσας,101,
public,Αλκαλικές,98,
public,Οθόνες,93,monitors
public,Βραστήρες,92,
public,Gaming Mouse,88,
public,Καλώδια Δικτύου,87,
public,Gaming Πληκτρολόγια,86,
public,Nintendo Switch 2,86,
public,Gaming Αξεσουάρ,81,
public,Σκούπες Stick,81,vacuums
public,IP Cameras,79,smart_home
public,Καλώδια Δεδομένων & Φόρτισης,75,
public,Gaming Mousepads,70,
public,Χειριστήρια,70,
public,Μηχανές Espresso,69,coffee_machines
public,HDMI,66,
public,Έξυπνος Φωτισμός,65,smart_home
public,Αξεσουάρ Εντοιχιζόμενων Συσκευών,65,
public,Soundbars,65,speakers
public,Εργαλεία Κουζίνας,64,
public,Τηγάνια - Wok,63,
public,Access Points / Wi-Fi Extenders,63,
public,Φρυγανιέρες,62,
public,Αντάπτορες,60,
public,Κεριά & Κηροπήγια,60,
public,Εξωτερικοί Δίσκοι,58,
public,Gaming Home,58,
public,USB hubs,57,
public,Πολυμηχανήματα,56,
public,Αξεσουάρ,54,
public,Ασύρματα Τηλέφωνα,53,
public,Πληκτρολόγια,53,
public,Στεγνωτήρια,51,dryers
public,Τροφοδοτικά Laptop,50,
public,Mousepads,49,
public,Μαγνητάκια,49,
public,Αξεσουάρ Streaming,47,
public,Σίδερα Ατμού,47,
public,Αξεσουάρ Απορροφητήρων,47,
public,Δαπέδου,46,air_conditioners
public,Ηλεκτρικές Σκούπες,45,vacuums
public,Μπλέντερ - Smoothie Makers,45,
public,USB,45,
public,Φριτέζες,43,air_fryers
public,Ηχεία Υπολογιστή,43,speakers
public,Πλυντήρια Πιάτων,43,dishwashers
public,Καφετιέρες Φίλτρου,42,coffee_machines
public,Αξεσουάρ Πλυντηρίων Ρούχων και Στεγνωτηρίων,40,
public,Instant Φωτογραφικές Μηχανές,39,cameras
public,Ποτήρια & Κούπες,39,
public,Εντοιχιζόμενα Πλυντήρια Πιάτων,39,dishwashers
public,Ντουλάπες & Multi-Door,39,refrigerators
public,Ψηστιέρες & Γκριλιέρες,38,
public,Κεραίας,38,
public,Ασύρματα Πληκτρολόγια,38,
public,Αξεσουάρ Καφέ,37,
public,Επαναφορτιζόμενες ΑΑ/ΑΑΑ,37,
public,Αξεσουάρ Action Cameras,36,
public,Κατσαρόλες,36,
public,Gaming Φωτισμός,36,
public,Συστήματα Σιδερώματος,36,
public,Switches,36,
public,Ακουστικά Headset,34,headphones
public,Καρέκλες Γραφείου,33,
public,Μπρελόκ,32,
public,Φακοί Φωτογραφικών Μηχανών,31,
public,Καμινάδες - Τζάκια,31,
public,Ενσύρματα Ποντίκια,30,
public,Πλυντήρια - Στεγνωτήρια,30,washing_machines
public,Πολυκόφτες - Multi,29,
public,Τηλεχειριστήρια Τηλεόρασης,29,
public,Action Cameras,28,cameras
public,Τοστιέρες,27,
public,Ακουστικά Κεφαλής,27,headphones
public,PC Games,27,
public,RCA,26,
public,USB Κάρτες Δικτύου,26,
public,Εκτυπωτές,26,
public,Εντοιχιζόμενοι Φούρνοι Μικροκυμάτων,26,ovens
public,Web cameras,25,
public,Διάφορα Αξεσουάρ Gaming,25,
public,Ενσύρματα Τηλέφωνα,25,
public,Compact Φωτογραφικές Μηχανές,25,cameras
public,Κουζίνες,25,ovens
public,Καταψύκτες,25,refrigerators
public,Ψυγεία Δίπορτα,25,refrigerators
public,Ραβδομπλέντερ,24,
public,UPS,24,
public,Activity Trackers,24,smartwatches
public,Τιμονιέρες,24,
public,Σκούπες Robot,24,vacuums
public,Χαρτί Φωτογραφικό,23,
public,Χύτρες Ταχύτητας,23,
public,All In One PC,23,desktops
public,Ειδικές Συσκευές,22,
public,Πορτοφόλια & Τσάντες,22,
public,Αξεσουάρ Ψυγείων,22,
public,Επιτραπέζια Διακοσμητικά,22,
public,Φούρνοι Μικροκυμάτων,21,ovens
public,Ηχεία,21,speakers
public,Στίφτες,20,
public,Θερμόμετρα - Υγρασιόμετρα,20,
public,καλώδια - adaptors,20,
public,Mirrorless Φωτογραφικές Μηχανές,20,cameras
public,Κεραίες Τηλεόρασης,20,
public,Βάσεις - Coolers,19,
public,Ζυγαριές Κουζίνας,19,
public,Συσκευές Φραπέ,19,coffee_machines
public,Σκουπάκια Χειρός,19,vacuums
public,Εντοιχιζόμενα Ψυγεία,19,refrigerators
public,Κουζινομηχανές,18,
public,Μνήμες RAM,18,
public,Δίσκοι CD/DVD,18,
public,Μηχανισμοί Απορρόφησης,18,
public,Βάσεις Φόρτισης Χειριστηρίων,17,
public,Μίξερ,17,
public,Smart Rings,17,smartwatches
public,Θήκες Σκληρών Δίσκων,16,
public,Χαρτί Εκτύπωσης,16,
public,Κινητά Απλής Χρήσης,16,smartphones
public,Αποχυμωτές,15,
public,Γάστρες - Ταψιά,15,
public,Αερόθερμα,15,
public,Διάφορα Αξεσουάρ Laptop,15,
public,Mini Bars & Μονόπορτα Ψυγεία,15,refrigerators
public,Επιτραπέζιοι,15,
public,Δίσκοι HDD,14,
public,Πικάπ & Αξεσουάρ,14,
public,case fans,14,
public,Ραδιόφωνα,14,
public,Μαχαιροπίρουνα,14,
public,Nespresso,14,coffee_machines
public,Desktops,14,desktops
public,Projectors,13,
public,Ακουστικά Χωρίς Μικρόφωνο,13,headphones
public,Φιλμ,13,
public,Κουτιά Desktop,13,
public,Συρόμενοι,13,
public,Αναλώσιμα Κουζίνας,12,
public,Powerline,11,
public,Αφυγραντήρες,11,
public,Σιδερώστρες,11,
public,Αξεσουάρ Κλιματιστικών,11,
public,Γραφεία,11,
public,Συντηρητές Κρασιών,11,refrigerators
public,Είδη Ζαχαροπλαστικής,11,
public,Θήκες & Τσάντες Φωτογραφικών Μηχανών,10,
public,Αποχνουδωτές,10,
public,Micro HiFi & Radio/CD,10,speakers
public,Ps3 Used,10,
public,Αξεσουάρ Χειριστηρίων,10,
public,Ελεύθεροι,10,
public,SD,10,
public,Μύλοι Άλεσης Καφέ,9,
public,Οργάνωση & Αποθήκευση,9,
public,Γυαλιά 3D,9,
public,Τρίποδα & Gimbal,9,
public,Card readers,9,
public,Πυρίμαχα Σκεύη,9,
public,Καπέλα & Σκούφοι,9,
public,Θήκες Κονσόλας & Χειριστηρίου,9,
public,Karaoke Μικρόφωνα,9,
public,Optical (Toslink),9,
public,Αντάπτορες Πρίζας,9,
public,Βάσεις Στήριξης Οθόνης,9,
public,Σετ Μαγειρικών Σκευών,8,
public,Δίσκοι SSD,8,
public,Air Coolers,8,
public,Χαρτοταινίες Ταμειακών,8,
public,Αξεσουάρ Πλυντηρίων Πιάτων,8,
public,Διαχειριστές Καλωδίων,8,
public,Ατμομάγειρες,8,
public,Retro Κονσόλες,8,consoles
public,Ps5 Used,8,
public,Διάφορα Ανταλλακτικά Wearables,8,
public,Ηλεκτρικές Κουβέρτες & Υποστρώματα,7,
public,Φουρνάκια,7,ovens
public,Συστήματα Ατμού,7,
public,Antivirus Internet Security,7,
public,Φόρμες Ζαχαροπλαστικής,7,
public,Προϊόντα Καθαρισμού,6,
public,Φορητά Radio/CD,6,
public,Ψησταριές Κάρβουνου,6,
public,Καλώδια Ρεύματος,6,
public,Joysticks,6,
public,Είδη Σερβιρίσματος,6,
public,Ελληνικός Καφές,6,
public,Xbox One,6,
public,Ηχοσυστήματα Αυτοκινήτου,6,
public,Ηχεία Αυτοκινήτου,6,
public,DVI,6,
public,MP3 & MP4 Players,6,
public,Ταινίες LED & Αξεσουάρ,6,
public,Πολυμίξερ,6,
public,Αξεσουάρ Laptop,6,
public,Αρωματικά Χώρου,6,
public,Πλυστικά Μηχανήματα,6,
public,SCART,5,
public,Φορτιστές,5,
public,συναγερμοί,5,
public,DSL Modem / Router,5,
public,Οπτικά Μέσα,5,
public,Τροφοδοτικά,5,
public,Φορτιστές Wearables,5,
public,Καλοριφέρ Λαδιού,5,
public,Κορνίζες & Άλμπουμ,5,
public,Θερμοπομποί / Convectors,5,
public,Διακοσμητικά Ρολόγια,5,
public,Αξεσουάρ Cocktail & Είδη Bar,5,
public,PS3,4,
public,Ps4 Used,4,
public,3G - 4G Modems,4,
public,Κάρτες Γραφικών,4,
public,Γραφίδες - Ταμπλέτες,4,
public,Docking Stations Laptop,4,
public,Ατμοκαθαριστές,4,
public,Scanners,4,
public,Οροφής,4,air_conditioners
public,Ιονιστές,4,
public,Προπληρωμένες Κάρτες,4,
public,Πολύπριζα,4,
public,Επεξεργαστές,4,
public,Ψύκτρες,4,
public,Επιτραπέζιες Εστίες,4,ovens
public,Πτυσσόμενοι,4,
public,Σιδερόπανα,4,
public,Φορητά Κλιματιστικά,4,air_conditioners
public,Λοιπά Αξεσουάρ Action Cameras,4,
public,Ταινίες Ετικετογράφου,4,
public,Compact Eκτυπωτές,4,
public,Presenters,3,
public,Κρεπιέρες,3,
public,Θερμαντικά Εξωτερικού Χώρου,3,
public,Φακοί Φωτισμού,3,
public,Συσκευές Ποπ-Κορν,3,
public,Μπρίκια Espresso Χειρός,3,coffee_machines
public,Ηχεία Hi-Fi,3,speakers
public,Αξεσουάρ Για Σιδέρωμα,3,
public,Οθόνες Προβολής,3,
public,Ψηφιακοί Δέκτες Mpeg-4,3,
public,Κάρτες Ήχου,3,
public,Αυτοενισχυόμενα Ηχεία,3,speakers
public,Playstation Αξεσουάρ,3,
public,ανταλλακτικά φίλτρα νερού,3,
public,Αυγοβραστήρες,3,
public,Νησίδες,3,
public,Party Speakers,3,speakers
public,Nintendo Switch Κονσόλες,3,consoles
public,Εντοιχιζόμενες Καφετιέρες,3,coffee_machines
public,Αξεσουάρ Aφυγραντήρων - Ιονιστών,3,
public,Φουρνάκια Ρομπότ,3,ovens
public,Πλάκες,3,
public,Καθαριστές Αέρα,3,
public,Τσάντες Projector,3,
public,Συσκευές για Αφρόγαλα,3,
public,Πικάπ,3,
public,Θήκες & Καλύμματα Κονσόλας,3,
public,3D Αναλώσιμα,3,
public,Παγωτομηχανές,3,
public,Ποντίκια - Mousepad,2,
public,Απορροφητήρες,2,
public,VGA,2,
public,Φωτιστικά Γραφείου,2,
public,Απλώστρες,2,
public,Δοχεία Φαγητού,2,
public,Ρουχισμός Gaming & Αξεσουάρ,2,
public,Μπαταρίες Ψηφιακών Φωτογραφικών Μηχανών,2,
public,Μελανοταινίες,2,
public,Ετικέτες,2,
public,Routers,2,
public,Θήκες CD/DVD,2,
public,Εργαλεία Ζαχαροπλαστικής,2,
public,Σκούπες Στάχτης,2,vacuums
public,Κάρτες Μνήμης,2,
public,DSLR Φωτογραφικές Μηχανές,2,cameras
public,DVD Players,2,
public,Microsoft Windows,2,
public,ψύκτρες επεξεργαστών,2,
public,Microsoft Office,2,
public,Βάσεις Ακουστικών,2,
public,Πρέσες Σιδερώματος,2,
public,Εντοιχιζόμενα Πλυντήρια Ρούχων,2,washing_machines
public,κανάτες & παγούρια με φίλτρο,2,
public,Σετ πληκτρολόγιο - ποντίκι,2,
public,Ενσύρματα Πληκτρολόγια,2,
public,ηλεκτρικά πολυεργαλεία,2,
public,Εργαλεία Μαγειρικής,2,
public,Βάσεις Κοπής,2,
public,Είδη Κουζίνας,2,
public,Αξεσουάρ Επίπλων,2,
public,Ψύκτες Νερού,2,
public,παιχνίδια,2,
public,Media Players,2,
public,Προστασία Οθόνης Wearables,2,
public,Φούρνοι Πίτσας,2,ovens
public,Ηλιακοί Θερμοσίφωνες,2,
public,Σόμπες Χαλαζία / Αλογόνου,2,
public,Ψησταριές Υγραερίου,2,
public,Γλάστρες & Κασπώ,2,
public,Διακοσμητικά Τοίχου,2,
public,Φορητές Κονσόλες,2,consoles
public,Ζώνες Καρδιακών Παλμών,2,
public,Playstation Games,2,
public,Μαχαίρια & Πολυεργαλεία,1,
public,Σάρωθρα,1,
public,Μίξερ Χειρός,1,
public,Display-port,1,
public,Nintendo 3Ds,1,
public,USB Hubs,1,
public,Χρονοδιακόπτες,1,
public,Αξεσουάρ GoPro,1,
public,Πλυντικές Σκούπες,1,vacuums
public,Αισθητήρες,1,smart_home
public,Υγραντήρες,1,
public,Αρτοπαρασκευαστές,1,
public,Ψηφιακές Κορνίζες,1,
public,Xbox Series Used,1,
public,Headset Με Μικρόφωνο,1,headphones
public,Θήκες Wearables,1,
public,χειριστήρια πιλοτηρίου,1,
public,Βάσεις Ηχείων,1,
public,Πολύπριζα & Μπαλαντέζες,1,
public,Σκύλος,1,
public,κατσαβίδια χειρός,1,
public,Αξεσουάρ Σταθερής Τηλεφωνίας,1,
public,Μηχανές Hot Dog,1,
public,Pc Case Modding,1,
public,Σκεύη & Αξεσουάρ Μαγειρικής,1,
public,Ηλεκτρικά Εργαλεία,1,
public,Βαφλιέρες,1,
public,Σουπλά,1,
public,Αξεσουάρ Νεροχύτη,1,
public,Διάφορα Καλώδια Κονσόλας,1,
public,Subwoofers,1,speakers
public,ηχεία 2.0,1,speakers
public,Καλοριφέρ Mica,1,
public,3.5mm Jack,1,
public,Αξεσουάρ Καθαρισμού,1,
public,σετ εργαλείων,1,
public,Αξεσουάρ Multimedia Αυτοκινήτου,1,
public,σφυριά & βαριοπούλες,1,
public,Σετ Εργαλείων Μαγειρικής,1,
public,Καλώδια & Φορτιστές,1,
public,Σκαμπό,1,
public,Διακόσμηση,1,
public,Virtual Reality Headsets,1,
public,Καλώδια - Adaptors,1,
public,Μετρητές Κατανάλωσης Ρεύματος,1,
public,Βιντεοκάμερες,1,cameras
public,Πετσέτες Κουζίνας,1,
public,Home Cinema & HiFi,1,speakers
public,Πάγκου,1,
public,Playstation Portal,1,consoles
public,Ποδιές & Γάντια,1,
public,Σκεύη Φοντύ,1,
public,Εντοιχιζόμενα Σετ,1,ovens
public,Είδη Συντήρησης Βινυλίων & Πικάπ,1,
public,Βάσεις Projector,1,
public,Κρεατομηχανές,1,
public,Τοίχου,1,air_conditioners
bionic,Data Cables,339,
bionic,Headphone,255,headphones
bionic,NoteBooks,254,laptops
bionic,Ink Cartridges,236,
bionic,Game Titles,228,
bionic,(empty),224,
bionic,Toners,223,
bionic,Converters & Adapters,174,
bionic,Mobile Cases,174,
bionic,Speakers,130,speakers
bionic,Monitors,122,monitors
bionic,Indoor LED,112,
bionic,Mouse,107,
bionic,Mobile phones,105,smartphones
bionic,Keyboards,102,
bionic,Case Cooling Fans,102,
bionic,Tablet cases,99,
bionic,Gaming Accessories,97,
bionic,AC/DC Power supplies,94,
bionic,Camera Accessories,89,
bionic,Batteries,78,
bionic,Notebook Carrying Case,72,
bionic,Gadgets,71,
bionic,Printers,70,
bionic,Power Extensions,61,
bionic,Mobile Screen Protector,57,
bionic,Power Banks,57,
bionic,Mouse Pads,54,
bionic,Routers/Repeaters,50,
bionic,Computer cases,45,
bionic,Tablets,43,tablets
bionic,Computers,41,desktops
bionic,Selfie Sticks,40,
bionic,Plugs,37,
bionic,Desktop computers power supplies,35,
bionic,Access Point,35,
bionic,TVs,35,tvs
bionic,Keyboard & Mouse Sets,32,
bionic,Cables,32,
bionic,Watercooling,32,
bionic,Memory modules,31,
bionic,CCD Cameras,30,
bionic,Digital Cameras,30,cameras
bionic,Drone accessories,30,
bionic,Projectors,29,
bionic,Streaming Peripherals,29,
bionic,Network Switches,29,
bionic,Microphones,27,
bionic,TV Wall Mounts,26,
bionic,Hard disks SSD,26,
bionic,3D Printer Filament,26,
bionic,Smartwatches Accessories,25,
bionic,Monitor Pole Mounts,25,
bionic,Smartwatches,24,smartwatches
bionic,Smart HUB Peripherals,23,
bionic,Webcams,23,
bionic,UPS,23,
bionic,Tablet Screen Protector,22,
bionic,Clothing,20,
bionic,Smartwatches eSIM,20,smartwatches
bionic,Robot Vacuum,19,vacuums
bionic,Network antennas,16,
bionic,Graphics card,16,
bionic,USB Hubs,15,
bionic,Memory Cards,15,
bionic,Cleaning Products,15,
bionic,HDDAccessories,14,
bionic,Gaming & Office Chairs,14,
bionic,Home Cinema,13,speakers
bionic,Inverters,13,
bionic,Projectors Screens,12,
bionic,USB Flash Drives,12,
bionic,PCI Express Add On Cards,12,
bionic,Video Switches/Splitters,11,
bionic,Smart Living,11,smart_home
bionic,Motherboards,11,
bionic,External hard disks,11,
bionic,Adaptors,11,
bionic,Shredders,11,
bionic,Game consoles,11,consoles
bionic,Personal Care,10,
bionic,All in one computers,10,desktops
bionic,CPU,10,
bionic,Smart Hubs,9,smart_home
bionic,Powerline,9,
bionic,Barcode Scanners,8,
bionic,Internal hard disks,8,
bionic,3D Printers,8,
bionic,Gaming & Office Desks,8,
bionic,Antivirus,7,
bionic,Fixed Telephony,6,
bionic,Projector Ceiling Mount,6,
bionic,Utilities,6,
bionic,Port Replicator/Station,6,
bionic,Cooling Pads,5,
bionic,Media Players,5,
bionic,Stylus Pens,4,
bionic,Stationery,4,
bionic,Thermal Conductors,4,
bionic,NAS,3,
bionic,Drones,3,
bionic,Optical Discs,2,
bionic,Operating Systems,2,
bionic,Electric Scooters,2,
bionic,Outdoor LED,2,
bionic,Optical Drives,2,
bionic,POS Printers,2,
bionic,Interactive Boards,2,
bionic,Voice Recorders,1,
bionic,POS,1,
bionic,Walkie Talkies,1,
